{
  "koroks": [
    {
      "createdBy": "Yojeline",
      "lat": -0.57977294921875,
      "lng": 0.3697509765625,
      "mapRef": null,
      "mapSlug": "hyrule",
      "markerName": "Korok Seed - Throw a rock into the circle",
      "markerSlug": "korok-seed-throw-a-rock-into-the-rocks-circle",
      "objectSlug": "the-legend-of-zelda-breath-of-the-wild",
      "typeSlug": "korok-seed",
      "updatedBy": "Ragga_Fragga",
      "wikiPage": "Central_Hyrule_Korok_Seed_1",
      "__typename": "MapMarker"
    },
    {
      "createdBy": "Super-Zambezi",
      "lat": -0.52203369140625,
      "lng": 0.4034423828125,
      "mapRef": null,
      "mapSlug": "hyrule",
      "markerName": "Korok Seed - Under Rock on tall wall",
      "markerSlug": "korok-single-rock-on-tall-wall",
      "objectSlug": "the-legend-of-zelda-breath-of-the-wild",
      "typeSlug": "korok-seed",
      "updatedBy": "Ragga_Fragga",
      "wikiPage": "Central_Hyrule_Korok_Seed_10",
      "__typename": "MapMarker"
    },
    {
      "createdBy": "Super-Zambezi",
      "lat": -0.3028564453125,
      "lng": 0.49676513671875,
      "mapRef": null,
      "mapSlug": "hyrule",
      "markerName": "Korok Seed - Dive into circle of lily pads",
      "markerSlug": "korok-seed462",
      "objectSlug": "the-legend-of-zelda-breath-of-the-wild",
      "typeSlug": "korok-seed",
      "updatedBy": "Ragga_Fragga",
      "wikiPage": "Central_Hyrule_Korok_Seed_100",
      "__typename": "MapMarker"
    },
    {
      "createdBy": "Super-Zambezi",
      "lat": -0.3048095703125,
      "lng": 0.48480224609375,
      "mapRef": null,
      "mapSlug": "hyrule",
      "markerName": "Korok Seed - Bomb rubble on ledge",
      "markerSlug": "korok-seed453",
      "objectSlug": "the-legend-of-zelda-breath-of-the-wild",
      "typeSlug": "korok-seed",
      "updatedBy": "Ragga_Fragga",
      "wikiPage": "Central_Hyrule_Korok_Seed_101",
      "__typename": "MapMarker"
    },
    {
      "createdBy": "Super-Zambezi",
      "lat": -0.31939697265625,
      "lng": 0.4998779296875,
      "mapRef": null,
      "mapSlug": "hyrule",
      "markerName": "Korok Seed - Melt the Ice in the East Passage",
      "markerSlug": "korok-melt-the-ice44",
      "objectSlug": "the-legend-of-zelda-breath-of-the-wild",
      "typeSlug": "korok-seed",
      "updatedBy": "Super-Zambezi",
      "wikiPage": "Central_Hyrule_Korok_Seed_102",
      "__typename": "MapMarker"
    },
    {
      "createdBy": "Super-Zambezi",
      "lat": -0.330078125,
      "lng": 0.49432373046875,
      "mapRef": null,
      "mapSlug": "hyrule",
      "markerName": "Korok Seed - Bomb wall in interior halls",
      "markerSlug": "korok-seed665",
      "objectSlug": "the-legend-of-zelda-breath-of-the-wild",
      "typeSlug": "korok-seed",
      "updatedBy": "Ragga_Fragga",
      "wikiPage": "Central_Hyrule_Korok_Seed_103",
      "__typename": "MapMarker"
    },
    {
      "createdBy": "Super-Zambezi",
      "lat": -0.3349609375,
      "lng": 0.47943115234375,
      "mapRef": null,
      "mapSlug": "hyrule",
      "markerName": "Korok Seed - Bomb wall in interior halls",
      "markerSlug": "korok-seed314",
      "objectSlug": "the-legend-of-zelda-breath-of-the-wild",
      "typeSlug": "korok-seed",
      "updatedBy": "Ragga_Fragga",
      "wikiPage": "Central_Hyrule_Korok_Seed_104",
      "__typename": "MapMarker"
    },
    {
      "createdBy": "Super-Zambezi",
      "lat": -0.3330078125,
      "lng": 0.4776611328125,
      "mapRef": null,
      "mapSlug": "hyrule",
      "markerName": "Korok Seed - Climb Spire to Examine Sparks",
      "markerSlug": "korok-examine-sparks24",
      "objectSlug": "the-legend-of-zelda-breath-of-the-wild",
      "typeSlug": "korok-seed",
      "updatedBy": "Ragga_Fragga",
      "wikiPage": "Central_Hyrule_Korok_Seed_105",
      "__typename": "MapMarker"
    },
    {
      "createdBy": "Super-Zambezi",
      "lat": -0.32806396484375,
      "lng": 0.485107421875,
      "mapRef": null,
      "mapSlug": "hyrule",
      "markerName": "Korok Seed - Bomb rubble on ledge",
      "markerSlug": "korok-seed101",
      "objectSlug": "the-legend-of-zelda-breath-of-the-wild",
      "typeSlug": "korok-seed",
      "updatedBy": "Ragga_Fragga",
      "wikiPage": "Central_Hyrule_Korok_Seed_106",
      "__typename": "MapMarker"
    },
    {
      "createdBy": "Super-Zambezi",
      "lat": -0.3175048828125,
      "lng": 0.47857666015625,
      "mapRef": null,
      "mapSlug": "hyrule",
      "markerName": "Korok Seed - Under stone on Zelda's balcony",
      "markerSlug": "korok-seed34",
      "objectSlug": "the-legend-of-zelda-breath-of-the-wild",
      "typeSlug": "korok-seed",
      "updatedBy": "Ragga_Fragga",
      "wikiPage": "Central_Hyrule_Korok_Seed_107",
      "__typename": "MapMarker"
    },
    {
      "createdBy": "Super-Zambezi",
      "lat": -0.31768798828125,
      "lng": 0.473388671875,
      "mapRef": null,
      "mapSlug": "hyrule",
      "markerName": "Korok Seed - Climb Spire to Examine Sparks",
      "markerSlug": "korok-examine-sparks8",
      "objectSlug": "the-legend-of-zelda-breath-of-the-wild",
      "typeSlug": "korok-seed",
      "updatedBy": "Ragga_Fragga",
      "wikiPage": "Central_Hyrule_Korok_Seed_108",
      "__typename": "MapMarker"
    },
    {
      "createdBy": "Super-Zambezi",
      "lat": -0.328369140625,
      "lng": 0.4949951171875,
      "mapRef": null,
      "mapSlug": "hyrule",
      "markerName": "Korok Seed - Climb Spire to Examine Sparks",
      "markerSlug": "korok-examine-sparks22",
      "objectSlug": "the-legend-of-zelda-breath-of-the-wild",
      "typeSlug": "korok-seed",
      "updatedBy": "Ragga_Fragga",
      "wikiPage": "Central_Hyrule_Korok_Seed_109",
      "__typename": "MapMarker"
    },
    {
      "createdBy": "lgb052012",
      "lat": -0.53411865234375,
      "lng": 0.4117431640625,
      "mapRef": null,
      "mapSlug": "hyrule",
      "markerName": "Korok Seed - Chase the leaves",
      "markerSlug": "korok-chase-the-sparks14",
      "objectSlug": "the-legend-of-zelda-breath-of-the-wild",
      "typeSlug": "korok-seed",
      "updatedBy": "Ragga_Fragga",
      "wikiPage": "Central_Hyrule_Korok_Seed_11",
      "__typename": "MapMarker"
    },
    {
      "createdBy": "Onijii",
      "lat": -0.3150634765625,
      "lng": 0.48614501953125,
      "mapRef": null,
      "mapSlug": "hyrule",
      "markerName": "Korok Seed - Race to Target on spire",
      "markerSlug": "korok-shoot-seed-on-roof-of-hyrule-castle",
      "objectSlug": "the-legend-of-zelda-breath-of-the-wild",
      "typeSlug": "korok-seed",
      "updatedBy": "Ragga_Fragga",
      "wikiPage": "Central_Hyrule_Korok_Seed_110",
      "__typename": "MapMarker"
    },
    {
      "createdBy": "Ragga_Fragga",
      "lat": -0.313232421875,
      "lng": 0.48614501953125,
      "mapRef": null,
      "mapSlug": "hyrule",
      "markerName": "Korok Seed - Shoot the target in the belltower",
      "markerSlug": "korok-seed-shoot-the-target-in-the-belltower",
      "objectSlug": "the-legend-of-zelda-breath-of-the-wild",
      "typeSlug": "korok-seed",
      "updatedBy": "Super-Zambezi",
      "wikiPage": "Central_Hyrule_Korok_Seed_111",
      "__typename": "MapMarker"
    },
    {
      "createdBy": "Ragga_Fragga",
      "lat": -0.31134033203125,
      "lng": 0.48614501953125,
      "mapRef": null,
      "mapSlug": "hyrule",
      "markerName": "Korok Seed - Climb the tallest spire",
      "markerSlug": "korok-seed-climb-the-spire",
      "objectSlug": "the-legend-of-zelda-breath-of-the-wild",
      "typeSlug": "korok-seed",
      "updatedBy": "Super-Zambezi",
      "wikiPage": "Central_Hyrule_Korok_Seed_112",
      "__typename": "MapMarker"
    },
    {
      "createdBy": "Ragga_Fragga",
      "lat": -0.5162353515625,
      "lng": 0.400634765625,
      "mapRef": null,
      "mapSlug": "hyrule",
      "markerName": "Korok Seed - Reach the target",
      "markerSlug": "korok-seed175",
      "objectSlug": "the-legend-of-zelda-breath-of-the-wild",
      "typeSlug": "korok-seed",
      "updatedBy": "Ragga_Fragga",
      "wikiPage": "Central_Hyrule_Korok_Seed_12",
      "__typename": "MapMarker"
    },
    {
      "createdBy": "Super-Zambezi",
      "lat": -0.5047607421875,
      "lng": 0.4049072265625,
      "mapRef": null,
      "mapSlug": "hyrule",
      "markerName": "Korok Seed - Target Practice under bridge",
      "markerSlug": "korok-seed43",
      "objectSlug": "the-legend-of-zelda-breath-of-the-wild",
      "typeSlug": "korok-seed",
      "updatedBy": "Ragga_Fragga",
      "wikiPage": "Central_Hyrule_Korok_Seed_13",
      "__typename": "MapMarker"
    },
    {
      "createdBy": "Ragga_Fragga",
      "lat": -0.4989013671875,
      "lng": 0.4010009765625,
      "mapRef": null,
      "mapSlug": "hyrule",
      "markerName": "Korok Seed - Under the stone",
      "markerSlug": "korok-seed05",
      "objectSlug": "the-legend-of-zelda-breath-of-the-wild",
      "typeSlug": "korok-seed",
      "updatedBy": "Ragga_Fragga",
      "wikiPage": "Central_Hyrule_Korok_Seed_14",
      "__typename": "MapMarker"
    },
    {
      "createdBy": "kiben007",
      "lat": -0.49395751953125,
      "lng": 0.4078369140625,
      "mapRef": null,
      "mapSlug": "hyrule",
      "markerName": "Korok Seed - Magnesis Block Puzzle",
      "markerSlug": "korok-block-puzzle020",
      "objectSlug": "the-legend-of-zelda-breath-of-the-wild",
      "typeSlug": "korok-seed",
      "updatedBy": "Ragga_Fragga",
      "wikiPage": "Central_Hyrule_Korok_Seed_15",
      "__typename": "MapMarker"
    },
    {
      "createdBy": "lgb052012",
      "lat": -0.49639892578125,
      "lng": 0.4180908203125,
      "mapRef": null,
      "mapSlug": "hyrule",
      "markerName": "Korok Seed - Complete Rock Formation",
      "markerSlug": "korok-rock-formation820",
      "objectSlug": "the-legend-of-zelda-breath-of-the-wild",
      "typeSlug": "korok-seed",
      "updatedBy": "Ragga_Fragga",
      "wikiPage": "Central_Hyrule_Korok_Seed_16",
      "__typename": "MapMarker"
    },
    {
      "createdBy": "Super-Zambezi",
      "lat": -0.5018310546875,
      "lng": 0.385498046875,
      "mapRef": null,
      "mapSlug": "hyrule",
      "markerName": "Korok Seed - Complete Rock Formation",
      "markerSlug": "korok-rock-formation825",
      "objectSlug": "the-legend-of-zelda-breath-of-the-wild",
      "typeSlug": "korok-seed",
      "updatedBy": "Ragga_Fragga",
      "wikiPage": "Central_Hyrule_Korok_Seed_17",
      "__typename": "MapMarker"
    },
    {
      "createdBy": "mnybrngr",
      "lat": -0.495361328125,
      "lng": 0.37017822265625,
      "mapRef": null,
      "mapSlug": "hyrule",
      "markerName": "Korok Seed - Use Cryonis to bounce rock into circle",
      "markerSlug": "korok-seed-rock-circle-through-rock-in-circle-use-cryonis-to-help",
      "objectSlug": "the-legend-of-zelda-breath-of-the-wild",
      "typeSlug": "korok-seed",
      "updatedBy": "Ragga_Fragga",
      "wikiPage": "Central_Hyrule_Korok_Seed_18",
      "__typename": "MapMarker"
    },
    {
      "createdBy": "Super-Zambezi",
      "lat": -0.488525390625,
      "lng": 0.377197265625,
      "mapRef": null,
      "mapSlug": "hyrule",
      "markerName": "Korok Seed - Magnesis boulder into trunk",
      "markerSlug": "korok-boulder20",
      "objectSlug": "the-legend-of-zelda-breath-of-the-wild",
      "typeSlug": "korok-seed",
      "updatedBy": "Ragga_Fragga",
      "wikiPage": "Central_Hyrule_Korok_Seed_19",
      "__typename": "MapMarker"
    },
    {
      "createdBy": "anthonycthe3",
      "lat": -0.57907104492188,
      "lng": 0.3482666015625,
      "mapRef": null,
      "mapSlug": "hyrule",
      "markerName": "Korok Seed - Dive into lily circle",
      "markerSlug": "korok-seed-circles",
      "objectSlug": "the-legend-of-zelda-breath-of-the-wild",
      "typeSlug": "korok-seed",
      "updatedBy": "Ragga_Fragga",
      "wikiPage": "Central_Hyrule_Korok_Seed_2",
      "__typename": "MapMarker"
    },
    {
      "createdBy": "mnybrngr",
      "lat": -0.475830078125,
      "lng": 0.3946533203125,
      "mapRef": null,
      "mapSlug": "hyrule",
      "markerName": "Korok Seed - Target Practice hole in tree",
      "markerSlug": "korok-archery-acorn-in-tree",
      "objectSlug": "the-legend-of-zelda-breath-of-the-wild",
      "typeSlug": "korok-seed",
      "updatedBy": "Ragga_Fragga",
      "wikiPage": "Central_Hyrule_Korok_Seed_20",
      "__typename": "MapMarker"
    },
    {
      "createdBy": "mnybrngr",
      "lat": -0.46649169921875,
      "lng": 0.387939453125,
      "mapRef": null,
      "mapSlug": "hyrule",
      "markerName": "Korok Seed - Under Rock in Well",
      "markerSlug": "korok-single-rock-in-dried-up-well",
      "objectSlug": "the-legend-of-zelda-breath-of-the-wild",
      "typeSlug": "korok-seed",
      "updatedBy": "Ragga_Fragga",
      "wikiPage": "Central_Hyrule_Korok_Seed_21",
      "__typename": "MapMarker"
    },
    {
      "createdBy": "Ragga_Fragga",
      "lat": -0.46453857421875,
      "lng": 0.4150390625,
      "mapRef": null,
      "mapSlug": "hyrule",
      "markerName": "Korok Seed - Place apple at offering",
      "markerSlug": "korok-seed11",
      "objectSlug": "the-legend-of-zelda-breath-of-the-wild",
      "typeSlug": "korok-seed",
      "updatedBy": "Super-Zambezi",
      "wikiPage": "Central_Hyrule_Korok_Seed_22",
      "__typename": "MapMarker"
    },
    {
      "createdBy": "mnybrngr",
      "lat": -0.44927978515625,
      "lng": 0.4061279296875,
      "mapRef": null,
      "mapSlug": "hyrule",
      "markerName": "Korok Seed - Dive into lily circle",
      "markerSlug": "korok-lily-circle4",
      "objectSlug": "the-legend-of-zelda-breath-of-the-wild",
      "typeSlug": "korok-seed",
      "updatedBy": "Ragga_Fragga",
      "wikiPage": "Central_Hyrule_Korok_Seed_23",
      "__typename": "MapMarker"
    },
    {
      "createdBy": "Toraya",
      "lat": -0.44342041015625,
      "lng": 0.38616943359375,
      "mapRef": null,
      "mapSlug": "hyrule",
      "markerName": "Korok Seed - Use Magnesis to complete puzzle",
      "markerSlug": "korok-block-puzzle-stone-in-water",
      "objectSlug": "the-legend-of-zelda-breath-of-the-wild",
      "typeSlug": "korok-seed",
      "updatedBy": "Ragga_Fragga",
      "wikiPage": "Central_Hyrule_Korok_Seed_24",
      "__typename": "MapMarker"
    },
    {
      "createdBy": "Super-Zambezi",
      "lat": -0.43353271484375,
      "lng": 0.3857421875,
      "mapRef": null,
      "mapSlug": "hyrule",
      "markerName": "Korok Seed - Under rock on wall",
      "markerSlug": "korok-seed85",
      "objectSlug": "the-legend-of-zelda-breath-of-the-wild",
      "typeSlug": "korok-seed",
      "updatedBy": "Ragga_Fragga",
      "wikiPage": "Central_Hyrule_Korok_Seed_25",
      "__typename": "MapMarker"
    },
    {
      "createdBy": "Linken42",
      "lat": -0.4281005859375,
      "lng": 0.40850830078125,
      "mapRef": null,
      "mapSlug": "hyrule",
      "markerName": "Korok Seed - Follow the Flower",
      "markerSlug": "korok-follow-the-flower2",
      "objectSlug": "the-legend-of-zelda-breath-of-the-wild",
      "typeSlug": "korok-seed",
      "updatedBy": "Ragga_Fragga",
      "wikiPage": "Central_Hyrule_Korok_Seed_26",
      "__typename": "MapMarker"
    },
    {
      "createdBy": "Super-Zambezi",
      "lat": -0.38543701171875,
      "lng": 0.428955078125,
      "mapRef": null,
      "mapSlug": "hyrule",
      "markerName": "Korok Seed - Under pile of rocks",
      "markerSlug": "korok-seed255",
      "objectSlug": "the-legend-of-zelda-breath-of-the-wild",
      "typeSlug": "korok-seed",
      "updatedBy": "Ragga_Fragga",
      "wikiPage": "Central_Hyrule_Korok_Seed_27",
      "__typename": "MapMarker"
    },
    {
      "createdBy": "AxelSeven",
      "lat": -0.3685302734375,
      "lng": 0.41412353515625,
      "mapRef": null,
      "mapSlug": "hyrule",
      "markerName": "Korok - Under Rock",
      "markerSlug": "korok-single-rock64",
      "objectSlug": "the-legend-of-zelda-breath-of-the-wild",
      "typeSlug": "korok-seed",
      "updatedBy": "Ragga_Fragga",
      "wikiPage": "Central_Hyrule_Korok_Seed_28",
      "__typename": "MapMarker"
    },
    {
      "createdBy": "Super-Zambezi",
      "lat": -0.3997802734375,
      "lng": 0.4879150390625,
      "mapRef": null,
      "mapSlug": "hyrule",
      "markerName": "Korok Seed - Under rock on pillar",
      "markerSlug": "korok-seed3520",
      "objectSlug": "the-legend-of-zelda-breath-of-the-wild",
      "typeSlug": "korok-seed",
      "updatedBy": "Ragga_Fragga",
      "wikiPage": "Central_Hyrule_Korok_Seed_29",
      "__typename": "MapMarker"
    },
    {
      "createdBy": "Andruidus",
      "lat": -0.5579833984375,
      "lng": 0.36370849609375,
      "mapRef": null,
      "mapSlug": "hyrule",
      "markerName": "Korok Seed - Throw Rock in Circle",
      "markerSlug": "korok-throw-rock-in-circle",
      "objectSlug": "the-legend-of-zelda-breath-of-the-wild",
      "typeSlug": "korok-seed",
      "updatedBy": "Ragga_Fragga",
      "wikiPage": "Central_Hyrule_Korok_Seed_3",
      "__typename": "MapMarker"
    },
    {
      "createdBy": "Super-Zambezi",
      "lat": -0.42352294921875,
      "lng": 0.4700927734375,
      "mapRef": null,
      "mapSlug": "hyrule",
      "markerName": "Korok Seed - Target Practice",
      "markerSlug": "korok-archery01",
      "objectSlug": "the-legend-of-zelda-breath-of-the-wild",
      "typeSlug": "korok-seed",
      "updatedBy": "Ragga_Fragga",
      "wikiPage": "Central_Hyrule_Korok_Seed_30",
      "__typename": "MapMarker"
    },
    {
      "createdBy": "valoon4",
      "lat": -0.4195556640625,
      "lng": 0.4619140625,
      "mapRef": null,
      "mapSlug": "hyrule",
      "markerName": "Korok Seed - Balloon in tree",
      "markerSlug": "korok-seed-balloon-pinwheel-on-tree",
      "objectSlug": "the-legend-of-zelda-breath-of-the-wild",
      "typeSlug": "korok-seed",
      "updatedBy": "Ragga_Fragga",
      "wikiPage": "Central_Hyrule_Korok_Seed_31",
      "__typename": "MapMarker"
    },
    {
      "createdBy": "Super-Zambezi",
      "lat": -0.42279052734375,
      "lng": 0.44244384765625,
      "mapRef": null,
      "mapSlug": "hyrule",
      "markerName": "Korok Seed - Chase leaf trail",
      "markerSlug": "korok-examine-sparks34",
      "objectSlug": "the-legend-of-zelda-breath-of-the-wild",
      "typeSlug": "korok-seed",
      "updatedBy": "Ragga_Fragga",
      "wikiPage": "Central_Hyrule_Korok_Seed_32",
      "__typename": "MapMarker"
    },
    {
      "createdBy": "Super-Zambezi",
      "lat": -0.41973876953125,
      "lng": 0.44415283203125,
      "mapRef": null,
      "mapSlug": "hyrule",
      "markerName": "Korok Seed - Target Practice hole in tree",
      "markerSlug": "korok-archery71",
      "objectSlug": "the-legend-of-zelda-breath-of-the-wild",
      "typeSlug": "korok-seed",
      "updatedBy": "Ragga_Fragga",
      "wikiPage": "Central_Hyrule_Korok_Seed_33",
      "__typename": "MapMarker"
    },
    {
      "createdBy": "Super-Zambezi",
      "lat": -0.4296875,
      "lng": 0.42840576171875,
      "mapRef": null,
      "mapSlug": "hyrule",
      "markerName": "Korok Seed - On top of flag pole",
      "markerSlug": "korok-examine-sparks68",
      "objectSlug": "the-legend-of-zelda-breath-of-the-wild",
      "typeSlug": "korok-seed",
      "updatedBy": "Ragga_Fragga",
      "wikiPage": "Central_Hyrule_Korok_Seed_34",
      "__typename": "MapMarker"
    },
    {
      "createdBy": "Super-Zambezi",
      "lat": -0.44073486328125,
      "lng": 0.44378662109375,
      "mapRef": null,
      "mapSlug": "hyrule",
      "markerName": "Korok Seed - Under Rock",
      "markerSlug": "korok-seed13",
      "objectSlug": "the-legend-of-zelda-breath-of-the-wild",
      "typeSlug": "korok-seed",
      "updatedBy": "Ragga_Fragga",
      "wikiPage": "Central_Hyrule_Korok_Seed_35",
      "__typename": "MapMarker"
    },
    {
      "createdBy": "Super-Zambezi",
      "lat": -0.44720458984375,
      "lng": 0.47601318359375,
      "mapRef": null,
      "mapSlug": "hyrule",
      "markerName": "Korok Seed - Break pot",
      "markerSlug": "korok-archery48",
      "objectSlug": "the-legend-of-zelda-breath-of-the-wild",
      "typeSlug": "korok-seed",
      "updatedBy": "Ragga_Fragga",
      "wikiPage": "Central_Hyrule_Korok_Seed_36",
      "__typename": "MapMarker"
    },
    {
      "createdBy": "Super-Zambezi",
      "lat": -0.46270751953125,
      "lng": 0.45947265625,
      "mapRef": null,
      "mapSlug": "hyrule",
      "markerName": "Korok Seed - Climb flagpole",
      "markerSlug": "korok-examine-sparks0",
      "objectSlug": "the-legend-of-zelda-breath-of-the-wild",
      "typeSlug": "korok-seed",
      "updatedBy": "Ragga_Fragga",
      "wikiPage": "Central_Hyrule_Korok_Seed_37",
      "__typename": "MapMarker"
    },
    {
      "createdBy": "Super-Zambezi",
      "lat": -0.48956298828125,
      "lng": 0.45654296875,
      "mapRef": null,
      "mapSlug": "hyrule",
      "markerName": "Korok Seed - Follow the Flower",
      "markerSlug": "korok-follow-the-flower08",
      "objectSlug": "the-legend-of-zelda-breath-of-the-wild",
      "typeSlug": "korok-seed",
      "updatedBy": "Ragga_Fragga",
      "wikiPage": "Central_Hyrule_Korok_Seed_38",
      "__typename": "MapMarker"
    },
    {
      "createdBy": "Super-Zambezi",
      "lat": -0.49249267578125,
      "lng": 0.44049072265625,
      "mapRef": null,
      "mapSlug": "hyrule",
      "markerName": "Korok Seed - Chase the leaf trail",
      "markerSlug": "korok-examine-sparks2",
      "objectSlug": "the-legend-of-zelda-breath-of-the-wild",
      "typeSlug": "korok-seed",
      "updatedBy": "Ragga_Fragga",
      "wikiPage": "Central_Hyrule_Korok_Seed_39",
      "__typename": "MapMarker"
    },
    {
      "createdBy": "JohnDoeDE",
      "lat": -0.54766845703125,
      "lng": 0.35040283203125,
      "mapRef": null,
      "mapSlug": "hyrule",
      "markerName": "Korok Seed - Under Rock",
      "markerSlug": "korok-single-rock58",
      "objectSlug": "the-legend-of-zelda-breath-of-the-wild",
      "typeSlug": "korok-seed",
      "updatedBy": "Ragga_Fragga",
      "wikiPage": "Central_Hyrule_Korok_Seed_4",
      "__typename": "MapMarker"
    },
    {
      "createdBy": "kiben007",
      "lat": -0.51034545898438,
      "lng": 0.4549560546875,
      "mapRef": null,
      "mapSlug": "hyrule",
      "markerName": "Korok Seed - Target Practice hanging pot",
      "markerSlug": "korok-archery621",
      "objectSlug": "the-legend-of-zelda-breath-of-the-wild",
      "typeSlug": "korok-seed",
      "updatedBy": "Ragga_Fragga",
      "wikiPage": "Central_Hyrule_Korok_Seed_40",
      "__typename": "MapMarker"
    },
    {
      "createdBy": "Ragga_Fragga",
      "lat": -0.53887939453125,
      "lng": 0.43902587890625,
      "mapRef": null,
      "mapSlug": "hyrule",
      "markerName": "Korok Seed - Catch korok hiding in leaves",
      "markerSlug": "korok-seed-catch-korok-hiding-in-leaves",
      "objectSlug": "the-legend-of-zelda-breath-of-the-wild",
      "typeSlug": "korok-seed",
      "updatedBy": "Ragga_Fragga",
      "wikiPage": "Central_Hyrule_Korok_Seed_41",
      "__typename": "MapMarker"
    },
    {
      "createdBy": "Ragga_Fragga",
      "lat": -0.53863525390625,
      "lng": 0.44927978515625,
      "mapRef": null,
      "mapSlug": "hyrule",
      "markerName": "Korok Seed - Target practice",
      "markerSlug": "korok-seed-complete-target-practice",
      "objectSlug": "the-legend-of-zelda-breath-of-the-wild",
      "typeSlug": "korok-seed",
      "updatedBy": "Ragga_Fragga",
      "wikiPage": "Central_Hyrule_Korok_Seed_42",
      "__typename": "MapMarker"
    },
    {
      "createdBy": "kemoshaw",
      "lat": -0.5284423828125,
      "lng": 0.46734619140625,
      "mapRef": null,
      "mapSlug": "hyrule",
      "markerName": "Korok Seed - Rock under leaves",
      "markerSlug": "korok-single-rock-burn-leaves66",
      "objectSlug": "the-legend-of-zelda-breath-of-the-wild",
      "typeSlug": "korok-seed",
      "updatedBy": "Ragga_Fragga",
      "wikiPage": "Central_Hyrule_Korok_Seed_43",
      "__typename": "MapMarker"
    },
    {
      "createdBy": "Ragga_Fragga",
      "lat": -0.5211181640625,
      "lng": 0.47088623046875,
      "mapRef": null,
      "mapSlug": "hyrule",
      "markerName": "Korok Seed - Dive into lily pad circle",
      "markerSlug": "korok-seed-dive-into-lily-pad-circle5",
      "objectSlug": "the-legend-of-zelda-breath-of-the-wild",
      "typeSlug": "korok-seed",
      "updatedBy": null,
      "wikiPage": "Central_Hyrule_Korok_Seed_44",
      "__typename": "MapMarker"
    },
    {
      "createdBy": "Super-Zambezi",
      "lat": -0.54229736328125,
      "lng": 0.51495361328125,
      "mapRef": null,
      "mapSlug": "hyrule",
      "markerName": "Korok Seed - Shoot the targets",
      "markerSlug": "korok-archery34",
      "objectSlug": "the-legend-of-zelda-breath-of-the-wild",
      "typeSlug": "korok-seed",
      "updatedBy": "Ragga_Fragga",
      "wikiPage": "Central_Hyrule_Korok_Seed_45",
      "__typename": "MapMarker"
    },
    {
      "createdBy": "deossen",
      "lat": -0.5211181640625,
      "lng": 0.537353515625,
      "mapRef": null,
      "mapSlug": "hyrule",
      "markerName": "Korok Seed - Target Practice",
      "markerSlug": "korok-archery56",
      "objectSlug": "the-legend-of-zelda-breath-of-the-wild",
      "typeSlug": "korok-seed",
      "updatedBy": "Ragga_Fragga",
      "wikiPage": "Central_Hyrule_Korok_Seed_46",
      "__typename": "MapMarker"
    },
    {
      "createdBy": "Super-Zambezi",
      "lat": -0.5059814453125,
      "lng": 0.51348876953125,
      "mapRef": null,
      "mapSlug": "hyrule",
      "markerName": "Korok Seed - Under rock in tree",
      "markerSlug": "korok-seed24",
      "objectSlug": "the-legend-of-zelda-breath-of-the-wild",
      "typeSlug": "korok-seed",
      "updatedBy": "Ragga_Fragga",
      "wikiPage": "Central_Hyrule_Korok_Seed_47",
      "__typename": "MapMarker"
    },
    {
      "createdBy": "Super-Zambezi",
      "lat": -0.5072021484375,
      "lng": 0.50054931640625,
      "mapRef": null,
      "mapSlug": "hyrule",
      "markerName": "Korok Seed - Rock Formation",
      "markerSlug": "korok-rock-formation33",
      "objectSlug": "the-legend-of-zelda-breath-of-the-wild",
      "typeSlug": "korok-seed",
      "updatedBy": "Ragga_Fragga",
      "wikiPage": "Central_Hyrule_Korok_Seed_48",
      "__typename": "MapMarker"
    },
    {
      "createdBy": "Super-Zambezi",
      "lat": -0.495361328125,
      "lng": 0.49749755859375,
      "mapRef": null,
      "mapSlug": "hyrule",
      "markerName": "Korok Seed - Catch the leaf trail",
      "markerSlug": "korok-examine-the-sparks47",
      "objectSlug": "the-legend-of-zelda-breath-of-the-wild",
      "typeSlug": "korok-seed",
      "updatedBy": "Ragga_Fragga",
      "wikiPage": "Central_Hyrule_Korok_Seed_49",
      "__typename": "MapMarker"
    },
    {
      "createdBy": "JohnDoeDE",
      "lat": -0.53961181640625,
      "lng": 0.3555908203125,
      "mapRef": null,
      "mapSlug": "hyrule",
      "markerName": "Korok Seed - Under Rock on big tree",
      "markerSlug": "korok-single-rock105",
      "objectSlug": "the-legend-of-zelda-breath-of-the-wild",
      "typeSlug": "korok-seed",
      "updatedBy": "Ragga_Fragga",
      "wikiPage": "Central_Hyrule_Korok_Seed_5",
      "__typename": "MapMarker"
    },
    {
      "createdBy": "01proco",
      "lat": -0.4912109375,
      "lng": 0.53106689453125,
      "mapRef": null,
      "mapSlug": "hyrule",
      "markerName": "Korok Seed - Target Practice Acorn in Tree",
      "markerSlug": "korok-archery-acorn-in-tree0",
      "objectSlug": "the-legend-of-zelda-breath-of-the-wild",
      "typeSlug": "korok-seed",
      "updatedBy": "Ragga_Fragga",
      "wikiPage": "Central_Hyrule_Korok_Seed_50",
      "__typename": "MapMarker"
    },
    {
      "createdBy": "Super-Zambezi",
      "lat": -0.46490478515625,
      "lng": 0.49896240234375,
      "mapRef": null,
      "mapSlug": "hyrule",
      "markerName": "Korok Seed - Chase leaf trail",
      "markerSlug": "korok-examine-sparks26",
      "objectSlug": "the-legend-of-zelda-breath-of-the-wild",
      "typeSlug": "korok-seed",
      "updatedBy": "Ragga_Fragga",
      "wikiPage": "Central_Hyrule_Korok_Seed_51",
      "__typename": "MapMarker"
    },
    {
      "createdBy": "Super-Zambezi",
      "lat": -0.4583740234375,
      "lng": 0.54022216796875,
      "mapRef": null,
      "mapSlug": "hyrule",
      "markerName": "Korok Seed- Place apple at offering",
      "markerSlug": "korok-food-offering8",
      "objectSlug": "the-legend-of-zelda-breath-of-the-wild",
      "typeSlug": "korok-seed",
      "updatedBy": "Ragga_Fragga",
      "wikiPage": "Central_Hyrule_Korok_Seed_52",
      "__typename": "MapMarker"
    },
    {
      "createdBy": "isaiasf",
      "lat": -0.43603515625,
      "lng": 0.5213623046875,
      "mapRef": null,
      "mapSlug": "hyrule",
      "markerName": "Korok Seed - Tag flowers in order",
      "markerSlug": "korok-follow-the-flower56",
      "objectSlug": "the-legend-of-zelda-breath-of-the-wild",
      "typeSlug": "korok-seed",
      "updatedBy": "Ragga_Fragga",
      "wikiPage": "Central_Hyrule_Korok_Seed_53",
      "__typename": "MapMarker"
    },
    {
      "createdBy": "Super-Zambezi",
      "lat": -0.42388916015625,
      "lng": 0.51141357421875,
      "mapRef": null,
      "mapSlug": "hyrule",
      "markerName": "Korok Seed - Under Rock",
      "markerSlug": "korok-seed42",
      "objectSlug": "the-legend-of-zelda-breath-of-the-wild",
      "typeSlug": "korok-seed",
      "updatedBy": "Ragga_Fragga",
      "wikiPage": "Central_Hyrule_Korok_Seed_54",
      "__typename": "MapMarker"
    },
    {
      "createdBy": "Evilengine",
      "lat": -0.4224853515625,
      "lng": 0.54595947265625,
      "mapRef": null,
      "mapSlug": "hyrule",
      "markerName": "Korok Seed - Under Rock",
      "markerSlug": "korok-single-rock70",
      "objectSlug": "the-legend-of-zelda-breath-of-the-wild",
      "typeSlug": "korok-seed",
      "updatedBy": "Ragga_Fragga",
      "wikiPage": "Central_Hyrule_Korok_Seed_55",
      "__typename": "MapMarker"
    },
    {
      "createdBy": "anthonycthe3",
      "lat": -0.4268798828125,
      "lng": 0.56805419921875,
      "mapRef": null,
      "mapSlug": "hyrule",
      "markerName": "Korok Seed - Place boulder on pillar in hole",
      "markerSlug": "korok-boulder-climb-obelisk-stasis-rock",
      "objectSlug": "the-legend-of-zelda-breath-of-the-wild",
      "typeSlug": "korok-seed",
      "updatedBy": "Ragga_Fragga",
      "wikiPage": "Central_Hyrule_Korok_Seed_56",
      "__typename": "MapMarker"
    },
    {
      "createdBy": "Super-Zambezi",
      "lat": -0.4114990234375,
      "lng": 0.583984375,
      "mapRef": null,
      "mapSlug": "hyrule",
      "markerName": "Korok Seed - Under rock under bridge",
      "markerSlug": "korok-archery78",
      "objectSlug": "the-legend-of-zelda-breath-of-the-wild",
      "typeSlug": "korok-seed",
      "updatedBy": "Ragga_Fragga",
      "wikiPage": "Central_Hyrule_Korok_Seed_57",
      "__typename": "MapMarker"
    },
    {
      "createdBy": "Super-Zambezi",
      "lat": -0.39154052734375,
      "lng": 0.56866455078125,
      "mapRef": null,
      "mapSlug": "hyrule",
      "markerName": "Korok Seed - Match Apple Trees",
      "markerSlug": "korok-food-offering32",
      "objectSlug": "the-legend-of-zelda-breath-of-the-wild",
      "typeSlug": "korok-seed",
      "updatedBy": "Ragga_Fragga",
      "wikiPage": "Central_Hyrule_Korok_Seed_58",
      "__typename": "MapMarker"
    },
    {
      "createdBy": "Ragga_Fragga",
      "lat": -0.3643798828125,
      "lng": 0.5565185546875,
      "mapRef": null,
      "mapSlug": "hyrule",
      "markerName": "Korok Seed - Target Practice under bridge",
      "markerSlug": "korok-seed-target-practice-under-bridge",
      "objectSlug": "the-legend-of-zelda-breath-of-the-wild",
      "typeSlug": "korok-seed",
      "updatedBy": "Ragga_Fragga",
      "wikiPage": "Central_Hyrule_Korok_Seed_59",
      "__typename": "MapMarker"
    },
    {
      "createdBy": "MinnoTaurus",
      "lat": -0.5181884765625,
      "lng": 0.3836669921875,
      "mapRef": null,
      "mapSlug": "hyrule",
      "markerName": "Korok Seed - Pinwheel: shoot two pots above trees",
      "markerSlug": "korok-seed-pinwheel-shoot-two-acorns-above-trees",
      "objectSlug": "the-legend-of-zelda-breath-of-the-wild",
      "typeSlug": "korok-seed",
      "updatedBy": "Ragga_Fragga",
      "wikiPage": "Central_Hyrule_Korok_Seed_6",
      "__typename": "MapMarker"
    },
    {
      "createdBy": "Super-Zambezi",
      "lat": -0.349853515625,
      "lng": 0.574951171875,
      "mapRef": null,
      "mapSlug": "hyrule",
      "markerName": "Korok Seed - Target Practice",
      "markerSlug": "korok-archery41",
      "objectSlug": "the-legend-of-zelda-breath-of-the-wild",
      "typeSlug": "korok-seed",
      "updatedBy": "Ragga_Fragga",
      "wikiPage": "Central_Hyrule_Korok_Seed_60",
      "__typename": "MapMarker"
    },
    {
      "createdBy": "lgb052012",
      "lat": -0.34613037109375,
      "lng": 0.588623046875,
      "mapRef": null,
      "mapSlug": "hyrule",
      "markerName": "Korok Seed - Under rock in tree trunk",
      "markerSlug": "korok-single-rock-inside-trunk5",
      "objectSlug": "the-legend-of-zelda-breath-of-the-wild",
      "typeSlug": "korok-seed",
      "updatedBy": "Ragga_Fragga",
      "wikiPage": "Central_Hyrule_Korok_Seed_61",
      "__typename": "MapMarker"
    },
    {
      "createdBy": "Mimic019",
      "lat": -0.34075927734375,
      "lng": 0.56658935546875,
      "mapRef": null,
      "mapSlug": "hyrule",
      "markerName": "Korok Seed - Under rock in fallen tree",
      "markerSlug": "korok-single-rock-inside-trunk",
      "objectSlug": "the-legend-of-zelda-breath-of-the-wild",
      "typeSlug": "korok-seed",
      "updatedBy": "Ragga_Fragga",
      "wikiPage": "Central_Hyrule_Korok_Seed_62",
      "__typename": "MapMarker"
    },
    {
      "createdBy": "Super-Zambezi",
      "lat": -0.3336181640625,
      "lng": 0.57421875,
      "mapRef": null,
      "mapSlug": "hyrule",
      "markerName": "Korok Seed - Climb tall tree",
      "markerSlug": "korok-examine-sparks32",
      "objectSlug": "the-legend-of-zelda-breath-of-the-wild",
      "typeSlug": "korok-seed",
      "updatedBy": "Ragga_Fragga",
      "wikiPage": "Central_Hyrule_Korok_Seed_63",
      "__typename": "MapMarker"
    },
    {
      "createdBy": "Super-Zambezi",
      "lat": -0.32818603515625,
      "lng": 0.55694580078125,
      "mapRef": null,
      "mapSlug": "hyrule",
      "markerName": "Korok - Dive into circle of lily pads",
      "markerSlug": "korok-circle7",
      "objectSlug": "the-legend-of-zelda-breath-of-the-wild",
      "typeSlug": "korok-seed",
      "updatedBy": "Ragga_Fragga",
      "wikiPage": "Central_Hyrule_Korok_Seed_64",
      "__typename": "MapMarker"
    },
    {
      "createdBy": "Super-Zambezi",
      "lat": -0.3072509765625,
      "lng": 0.5640869140625,
      "mapRef": null,
      "mapSlug": "hyrule",
      "markerName": "Korok Seed - Block Puzzle",
      "markerSlug": "korok-block-puzzle82",
      "objectSlug": "the-legend-of-zelda-breath-of-the-wild",
      "typeSlug": "korok-seed",
      "updatedBy": "Ragga_Fragga",
      "wikiPage": "Central_Hyrule_Korok_Seed_65",
      "__typename": "MapMarker"
    },
    {
      "createdBy": "Super-Zambezi",
      "lat": -0.320556640625,
      "lng": 0.53851318359375,
      "mapRef": null,
      "mapSlug": "hyrule",
      "markerName": "Korok Seed - Archery Target in tree hollow",
      "markerSlug": "korok-archery20",
      "objectSlug": "the-legend-of-zelda-breath-of-the-wild",
      "typeSlug": "korok-seed",
      "updatedBy": "Ragga_Fragga",
      "wikiPage": "Central_Hyrule_Korok_Seed_66",
      "__typename": "MapMarker"
    },
    {
      "createdBy": "AxelSeven",
      "lat": -0.321533203125,
      "lng": 0.5277099609375,
      "mapRef": null,
      "mapSlug": "hyrule",
      "markerName": "Korok Seed - Under rock on fountain",
      "markerSlug": "korok-single-rock46",
      "objectSlug": "the-legend-of-zelda-breath-of-the-wild",
      "typeSlug": "korok-seed",
      "updatedBy": "Ragga_Fragga",
      "wikiPage": "Central_Hyrule_Korok_Seed_67",
      "__typename": "MapMarker"
    },
    {
      "createdBy": "Super-Zambezi",
      "lat": -0.3438720703125,
      "lng": 0.53558349609375,
      "mapRef": null,
      "mapSlug": "hyrule",
      "markerName": "Korok Seed - Throw stone into circle of rocks",
      "markerSlug": "korok-circle0",
      "objectSlug": "the-legend-of-zelda-breath-of-the-wild",
      "typeSlug": "korok-seed",
      "updatedBy": "Ragga_Fragga",
      "wikiPage": "Central_Hyrule_Korok_Seed_68",
      "__typename": "MapMarker"
    },
    {
      "createdBy": "Mimic019",
      "lat": -0.35296630859375,
      "lng": 0.5478515625,
      "mapRef": null,
      "mapSlug": "hyrule",
      "markerName": "Korok Seed - Chase sparkling leaf trail",
      "markerSlug": "korok-examine-sparks08",
      "objectSlug": "the-legend-of-zelda-breath-of-the-wild",
      "typeSlug": "korok-seed",
      "updatedBy": "Ragga_Fragga",
      "wikiPage": "Central_Hyrule_Korok_Seed_69",
      "__typename": "MapMarker"
    },
    {
      "createdBy": "Super-Zambezi",
      "lat": -0.525634765625,
      "lng": 0.3880615234375,
      "mapRef": null,
      "mapSlug": "hyrule",
      "markerName": "Korok Seed - Under Rock",
      "markerSlug": "korok-seed35",
      "objectSlug": "the-legend-of-zelda-breath-of-the-wild",
      "typeSlug": "korok-seed",
      "updatedBy": "Ragga_Fragga",
      "wikiPage": "Central_Hyrule_Korok_Seed_7",
      "__typename": "MapMarker"
    },
    {
      "createdBy": "Ragga_Fragga",
      "lat": -0.352294921875,
      "lng": 0.517333984375,
      "mapRef": null,
      "mapSlug": "hyrule",
      "markerName": "Korok Seed - Burn leaves and check under rock",
      "markerSlug": "korok-seed-burn-leaves-and-check-under-rock",
      "objectSlug": "the-legend-of-zelda-breath-of-the-wild",
      "typeSlug": "korok-seed",
      "updatedBy": "Ragga_Fragga",
      "wikiPage": "Central_Hyrule_Korok_Seed_70",
      "__typename": "MapMarker"
    },
    {
      "createdBy": "Super-Zambezi",
      "lat": -0.37060546875,
      "lng": 0.51898193359375,
      "mapRef": null,
      "mapSlug": "hyrule",
      "markerName": "Korok Seed - Examine Sparkling Leaves",
      "markerSlug": "korok-examine-sparks44",
      "objectSlug": "the-legend-of-zelda-breath-of-the-wild",
      "typeSlug": "korok-seed",
      "updatedBy": "Ragga_Fragga",
      "wikiPage": "Central_Hyrule_Korok_Seed_71",
      "__typename": "MapMarker"
    },
    {
      "createdBy": "Ragga_Fragga",
      "lat": -0.372314453125,
      "lng": 0.5174560546875,
      "mapRef": null,
      "mapSlug": "hyrule",
      "markerName": "Korok Seed - Magnesis door and check under rock",
      "markerSlug": "korok-seed-magnesis-door-and-check-under-rock",
      "objectSlug": "the-legend-of-zelda-breath-of-the-wild",
      "typeSlug": "korok-seed",
      "updatedBy": "Ragga_Fragga",
      "wikiPage": "Central_Hyrule_Korok_Seed_72",
      "__typename": "MapMarker"
    },
    {
      "createdBy": "Ragga_Fragga",
      "lat": -0.38525390625,
      "lng": 0.4951171875,
      "mapRef": null,
      "mapSlug": "hyrule",
      "markerName": "Korok Seed - Shoot the targets",
      "markerSlug": "korok-seeds-shoot-the-targets",
      "objectSlug": "the-legend-of-zelda-breath-of-the-wild",
      "typeSlug": "korok-seed",
      "updatedBy": "Ragga_Fragga",
      "wikiPage": "Central_Hyrule_Korok_Seed_73",
      "__typename": "MapMarker"
    },
    {
      "createdBy": "Super-Zambezi",
      "lat": -0.3857421875,
      "lng": 0.4866943359375,
      "mapRef": null,
      "mapSlug": "hyrule",
      "markerName": "Korok Seed - Shoot the stone shield",
      "markerSlug": "korok-archery805",
      "objectSlug": "the-legend-of-zelda-breath-of-the-wild",
      "typeSlug": "korok-seed",
      "updatedBy": "Ragga_Fragga",
      "wikiPage": "Central_Hyrule_Korok_Seed_74",
      "__typename": "MapMarker"
    },
    {
      "createdBy": "Ragga_Fragga",
      "lat": -0.38525390625,
      "lng": 0.4825439453125,
      "mapRef": null,
      "mapSlug": "hyrule",
      "markerName": "Korok Seed - Reach the fountain before time runs out",
      "markerSlug": "korok-seed-reach-the-fountain-before-time-runs-out",
      "objectSlug": "the-legend-of-zelda-breath-of-the-wild",
      "typeSlug": "korok-seed",
      "updatedBy": "Ragga_Fragga",
      "wikiPage": "Central_Hyrule_Korok_Seed_75",
      "__typename": "MapMarker"
    },
    {
      "createdBy": "Ragga_Fragga",
      "lat": -0.3887939453125,
      "lng": 0.4591064453125,
      "mapRef": null,
      "mapSlug": "hyrule",
      "markerName": "Korok Seed - Under rock on ramparts",
      "markerSlug": "korok-seed-under-rock-on-ramparts",
      "objectSlug": "the-legend-of-zelda-breath-of-the-wild",
      "typeSlug": "korok-seed",
      "updatedBy": "Peer-IGN",
      "wikiPage": "Central_Hyrule_Korok_Seed_76",
      "__typename": "MapMarker"
    },
    {
      "createdBy": "Super-Zambezi",
      "lat": -0.37371826171875,
      "lng": 0.436279296875,
      "mapRef": null,
      "mapSlug": "hyrule",
      "markerName": "Korok Seed - Look under stone",
      "markerSlug": "korok-seed864",
      "objectSlug": "the-legend-of-zelda-breath-of-the-wild",
      "typeSlug": "korok-seed",
      "updatedBy": "Ragga_Fragga",
      "wikiPage": "Central_Hyrule_Korok_Seed_77",
      "__typename": "MapMarker"
    },
    {
      "createdBy": "Ragga_Fragga",
      "lat": -0.370361328125,
      "lng": 0.4476318359375,
      "mapRef": null,
      "mapSlug": "hyrule",
      "markerName": "Korok Seed - Shoot balloon in tree",
      "markerSlug": "korok-seed-shoot-balloon-in-tree",
      "objectSlug": "the-legend-of-zelda-breath-of-the-wild",
      "typeSlug": "korok-seed",
      "updatedBy": "Ragga_Fragga",
      "wikiPage": "Central_Hyrule_Korok_Seed_78",
      "__typename": "MapMarker"
    },
    {
      "createdBy": "Ragga_Fragga",
      "lat": -0.359130859375,
      "lng": 0.4488525390625,
      "mapRef": null,
      "mapSlug": "hyrule",
      "markerName": "Korok Seed - Place rock in middle of rock design",
      "markerSlug": "korok-seed-place-rock-in-middle-of-rock-design",
      "objectSlug": "the-legend-of-zelda-breath-of-the-wild",
      "typeSlug": "korok-seed",
      "updatedBy": "Ragga_Fragga",
      "wikiPage": "Central_Hyrule_Korok_Seed_79",
      "__typename": "MapMarker"
    },
    {
      "createdBy": "lgb052012",
      "lat": -0.53857421875,
      "lng": 0.3924560546875,
      "mapRef": null,
      "mapSlug": "hyrule",
      "markerName": "Korok Seed - Shoot acorn inside tree trunk",
      "markerSlug": "korok-archery-acorn-inside-tree-trunk",
      "objectSlug": "the-legend-of-zelda-breath-of-the-wild",
      "typeSlug": "korok-seed",
      "updatedBy": "Ragga_Fragga",
      "wikiPage": "Central_Hyrule_Korok_Seed_8",
      "__typename": "MapMarker"
    },
    {
      "createdBy": "Super-Zambezi",
      "lat": -0.35809326171875,
      "lng": 0.43597412109375,
      "mapRef": null,
      "mapSlug": "hyrule",
      "markerName": "Korok Seed - Complete Rock Formation",
      "markerSlug": "korok-seed18",
      "objectSlug": "the-legend-of-zelda-breath-of-the-wild",
      "typeSlug": "korok-seed",
      "updatedBy": "Super-Zambezi",
      "wikiPage": "Central_Hyrule_Korok_Seed_80",
      "__typename": "MapMarker"
    },
    {
      "createdBy": "Ragga_Fragga",
      "lat": -0.35296630859375,
      "lng": 0.43927001953125,
      "mapRef": null,
      "mapSlug": "hyrule",
      "markerName": "Korok Seed - Bomb the rubble to find a rock",
      "markerSlug": "korok-seed-bomb-the-rubble-to-find-a-rock",
      "objectSlug": "the-legend-of-zelda-breath-of-the-wild",
      "typeSlug": "korok-seed",
      "updatedBy": null,
      "wikiPage": "Central_Hyrule_Korok_Seed_81",
      "__typename": "MapMarker"
    },
    {
      "createdBy": "Super-Zambezi",
      "lat": -0.351806640625,
      "lng": 0.42218017578125,
      "mapRef": null,
      "mapSlug": "hyrule",
      "markerName": "Korok Seed - Single Rock",
      "markerSlug": "korok-seed202",
      "objectSlug": "the-legend-of-zelda-breath-of-the-wild",
      "typeSlug": "korok-seed",
      "updatedBy": "Super-Zambezi",
      "wikiPage": "Central_Hyrule_Korok_Seed_82",
      "__typename": "MapMarker"
    },
    {
      "createdBy": "AxelSeven",
      "lat": -0.33447265625,
      "lng": 0.4222412109375,
      "mapRef": null,
      "mapSlug": "hyrule",
      "markerName": "Korok Seed - Target Practice above the trees",
      "markerSlug": "korok-archery-shoot-the-bouncing-seed",
      "objectSlug": "the-legend-of-zelda-breath-of-the-wild",
      "typeSlug": "korok-seed",
      "updatedBy": "Super-Zambezi",
      "wikiPage": "Central_Hyrule_Korok_Seed_83",
      "__typename": "MapMarker"
    },
    {
      "createdBy": "SantelaDelta",
      "lat": -0.3096923828125,
      "lng": 0.4388427734375,
      "mapRef": null,
      "mapSlug": "hyrule",
      "markerName": "Korok Seed - Single Rock",
      "markerSlug": "korok-single-rock47",
      "objectSlug": "the-legend-of-zelda-breath-of-the-wild",
      "typeSlug": "korok-seed",
      "updatedBy": "Ragga_Fragga",
      "wikiPage": "Central_Hyrule_Korok_Seed_84",
      "__typename": "MapMarker"
    },
    {
      "createdBy": "SantelaDelta",
      "lat": -0.32403564453125,
      "lng": 0.44854736328125,
      "mapRef": null,
      "mapSlug": "hyrule",
      "markerName": "Korok Seed - Magnesis Block Puzzle",
      "markerSlug": "korok-block-puzzle34",
      "objectSlug": "the-legend-of-zelda-breath-of-the-wild",
      "typeSlug": "korok-seed",
      "updatedBy": "Ragga_Fragga",
      "wikiPage": "Central_Hyrule_Korok_Seed_85",
      "__typename": "MapMarker"
    },
    {
      "createdBy": "Ragga_Fragga",
      "lat": -0.3297119140625,
      "lng": 0.447265625,
      "mapRef": null,
      "mapSlug": "hyrule",
      "markerName": "Korok Seed - Bring a Rusty Shield to the statue",
      "markerSlug": "korok-seed-bring-a-rusty-shield-to-the-statue",
      "objectSlug": "the-legend-of-zelda-breath-of-the-wild",
      "typeSlug": "korok-seed",
      "updatedBy": "Ragga_Fragga",
      "wikiPage": "Central_Hyrule_Korok_Seed_86",
      "__typename": "MapMarker"
    },
    {
      "createdBy": "Ragga_Fragga",
      "lat": -0.34619140625,
      "lng": 0.45416259765625,
      "mapRef": null,
      "mapSlug": "hyrule",
      "markerName": "Korok Seed - Dive into the circle of lilies",
      "markerSlug": "korok-seed-dive-into-the-circle-of-lilies",
      "objectSlug": "the-legend-of-zelda-breath-of-the-wild",
      "typeSlug": "korok-seed",
      "updatedBy": "Ragga_Fragga",
      "wikiPage": "Central_Hyrule_Korok_Seed_87",
      "__typename": "MapMarker"
    },
    {
      "createdBy": "Super-Zambezi",
      "lat": -0.3525390625,
      "lng": 0.48529052734375,
      "mapRef": null,
      "mapSlug": "hyrule",
      "markerName": "Korok Seed - Target Practice pot in the wall",
      "markerSlug": "korok-seed550",
      "objectSlug": "the-legend-of-zelda-breath-of-the-wild",
      "typeSlug": "korok-seed",
      "updatedBy": "Ragga_Fragga",
      "wikiPage": "Central_Hyrule_Korok_Seed_88",
      "__typename": "MapMarker"
    },
    {
      "createdBy": "Ragga_Fragga",
      "lat": -0.355224609375,
      "lng": 0.48681640625,
      "mapRef": null,
      "mapSlug": "hyrule",
      "markerName": "Korok Seed - Follow flower under bridge",
      "markerSlug": "korok-seed-follow-flower-under-bridge",
      "objectSlug": "the-legend-of-zelda-breath-of-the-wild",
      "typeSlug": "korok-seed",
      "updatedBy": "Peer-IGN",
      "wikiPage": "Central_Hyrule_Korok_Seed_89",
      "__typename": "MapMarker"
    },
    {
      "createdBy": "valoon4",
      "lat": -0.53619384765625,
      "lng": 0.3968505859375,
      "mapRef": null,
      "mapSlug": "hyrule",
      "markerName": "Korok Seed - Under Rock",
      "markerSlug": "korok-single-rock527",
      "objectSlug": "the-legend-of-zelda-breath-of-the-wild",
      "typeSlug": "korok-seed",
      "updatedBy": "Ragga_Fragga",
      "wikiPage": "Central_Hyrule_Korok_Seed_9",
      "__typename": "MapMarker"
    },
    {
      "createdBy": "AxelSeven",
      "lat": -0.35125732421875,
      "lng": 0.486572265625,
      "mapRef": null,
      "mapSlug": "hyrule",
      "markerName": "Korok Seed - Single Rock on top of the gate",
      "markerSlug": "korok-single-rock-top-of-the-arch",
      "objectSlug": "the-legend-of-zelda-breath-of-the-wild",
      "typeSlug": "korok-seed",
      "updatedBy": "Ragga_Fragga",
      "wikiPage": "Central_Hyrule_Korok_Seed_90",
      "__typename": "MapMarker"
    },
    {
      "createdBy": "Super-Zambezi",
      "lat": -0.34063720703125,
      "lng": 0.4852294921875,
      "mapRef": null,
      "mapSlug": "hyrule",
      "markerName": "Korok Seed - Archery Target at the Gate",
      "markerSlug": "korok-archery17",
      "objectSlug": "the-legend-of-zelda-breath-of-the-wild",
      "typeSlug": "korok-seed",
      "updatedBy": "Ragga_Fragga",
      "wikiPage": "Central_Hyrule_Korok_Seed_91",
      "__typename": "MapMarker"
    },
    {
      "createdBy": "Super-Zambezi",
      "lat": -0.34161376953125,
      "lng": 0.48663330078125,
      "mapRef": null,
      "mapSlug": "hyrule",
      "markerName": "Korok Seed - Archery Target stone shield emblem",
      "markerSlug": "korok-archery07",
      "objectSlug": "the-legend-of-zelda-breath-of-the-wild",
      "typeSlug": "korok-seed",
      "updatedBy": "Ragga_Fragga",
      "wikiPage": "Central_Hyrule_Korok_Seed_92",
      "__typename": "MapMarker"
    },
    {
      "createdBy": "Super-Zambezi",
      "lat": -0.3408203125,
      "lng": 0.488037109375,
      "mapRef": null,
      "mapSlug": "hyrule",
      "markerName": "Korok Seed - Archery Target on the wall",
      "markerSlug": "korok-archery848",
      "objectSlug": "the-legend-of-zelda-breath-of-the-wild",
      "typeSlug": "korok-seed",
      "updatedBy": "Ragga_Fragga",
      "wikiPage": "Central_Hyrule_Korok_Seed_93",
      "__typename": "MapMarker"
    },
    {
      "createdBy": "Super-Zambezi",
      "lat": -0.3369140625,
      "lng": 0.4957275390625,
      "mapRef": null,
      "mapSlug": "hyrule",
      "markerName": "Korok Seed - Bomb the rubble on the ledge",
      "markerSlug": "korok-seed36",
      "objectSlug": "the-legend-of-zelda-breath-of-the-wild",
      "typeSlug": "korok-seed",
      "updatedBy": "Ragga_Fragga",
      "wikiPage": "Central_Hyrule_Korok_Seed_94",
      "__typename": "MapMarker"
    },
    {
      "createdBy": "Ragga_Fragga",
      "lat": -0.3375244140625,
      "lng": 0.47406005859375,
      "mapRef": null,
      "mapSlug": "hyrule",
      "markerName": "Korok Seed - Under rock on ramparts",
      "markerSlug": "korok-seed-under-rock-on-ramparts3",
      "objectSlug": "the-legend-of-zelda-breath-of-the-wild",
      "typeSlug": "korok-seed",
      "updatedBy": "Ragga_Fragga",
      "wikiPage": "Central_Hyrule_Korok_Seed_95",
      "__typename": "MapMarker"
    },
    {
      "createdBy": "Ragga_Fragga",
      "lat": -0.33038330078125,
      "lng": 0.468994140625,
      "mapRef": null,
      "mapSlug": "hyrule",
      "markerName": "Korok Seed - Place an egg in the West Passage shrine",
      "markerSlug": "korok-seed-place-an-egg-in-the-west-passage-shrine",
      "objectSlug": "the-legend-of-zelda-breath-of-the-wild",
      "typeSlug": "korok-seed",
      "updatedBy": "Ragga_Fragga",
      "wikiPage": "Central_Hyrule_Korok_Seed_96",
      "__typename": "MapMarker"
    },
    {
      "createdBy": "Super-Zambezi",
      "lat": -0.31793212890625,
      "lng": 0.47454833984375,
      "mapRef": null,
      "mapSlug": "hyrule",
      "markerName": "Korok Seed - Under stone in vertical shaft room",
      "markerSlug": "korok-seed704",
      "objectSlug": "the-legend-of-zelda-breath-of-the-wild",
      "typeSlug": "korok-seed",
      "updatedBy": "Ragga_Fragga",
      "wikiPage": "Central_Hyrule_Korok_Seed_97",
      "__typename": "MapMarker"
    },
    {
      "createdBy": "Super-Zambezi",
      "lat": -0.30712890625,
      "lng": 0.4742431640625,
      "mapRef": null,
      "mapSlug": "hyrule",
      "markerName": "Korok Seed - Shoot the targets from the ramparts wall",
      "markerSlug": "korok-examine-the-sparks5",
      "objectSlug": "the-legend-of-zelda-breath-of-the-wild",
      "typeSlug": "korok-seed",
      "updatedBy": "Ragga_Fragga",
      "wikiPage": "Central_Hyrule_Korok_Seed_98",
      "__typename": "MapMarker"
    },
    {
      "createdBy": "Super-Zambezi",
      "lat": -0.302490234375,
      "lng": 0.48095703125,
      "mapRef": null,
      "mapSlug": "hyrule",
      "markerName": "Korok Seed - Under rock on ledge by Docks",
      "markerSlug": "korok-seed105",
      "objectSlug": "the-legend-of-zelda-breath-of-the-wild",
      "typeSlug": "korok-seed",
      "updatedBy": "Ragga_Fragga",
      "wikiPage": "Central_Hyrule_Korok_Seed_99",
      "__typename": "MapMarker"
    },
    {
      "createdBy": "Super-Zambezi",
      "lat": -0.69303385540843,
      "lng": 0.67388916574419,
      "mapRef": null,
      "mapSlug": "hyrule",
      "markerName": "Chest - Amber",
      "markerSlug": "chest-amber43",
      "objectSlug": "the-legend-of-zelda-breath-of-the-wild",
      "typeSlug": "korok-seed",
      "updatedBy": null,
      "wikiPage": "Cooking,_Materials,_and_Food",
      "__typename": "MapMarker"
    }
  ]
}